delta,S_measured,stderr,S_theory
0.0,2.00275,0.015812296307836374,2.0
0.06544984694978735,2.13,0.015806145795405447,2.126524104937493
0.1308996938995747,2.2622500000000003,0.015813854252230506,2.243942107187724
0.19634954084936207,2.3465000000000003,0.015794416887799412,2.3517512048387172
0.2617993877991494,2.47825,0.015744048727099714,2.449489742783178
0.32724923474893675,2.5580000000000003,0.015750499310452547,2.5367391895965343
0.39269908169872414,2.61075,0.015852216348444616,2.613125929752753
0.4581489286485115,2.6544999999999996,0.015910469304963572,2.678322863503379
0.5235987755982988,2.72125,0.01589461859168133,2.732050807568877
0.5890486225480862,2.7615,0.01587861378307184,2.774079690644295
0.6544984694978735,2.8002499999999997,0.015827876255860934,2.8042295385999116
0.7199483164476609,2.8027500000000005,0.015918697113841487,2.8223712451580925
0.7853981633974483,2.8115,0.01590541076210982,2.82842712474619
0.8508480103472356,2.84525,0.015689203447772714,2.8223712451580925
0.916297857297023,2.7875,0.015887011291176534,2.8042295385999116
0.9817477042468102,2.78475,0.015754342702148733,2.774079690644295
1.0471975511965976,2.76525,0.01569894908705053,2.7320508075688776
1.112647398146385,2.706,0.015670397794755583,2.6783228635033796
1.1780972450961724,2.589,0.01591510992234989,2.613125929752753
1.2435470920459597,2.5484999999999998,0.015790016425017987,2.5367391895965348
1.308996938995747,2.45475,0.015820027697417076,2.4494897427831783
1.3744467859455345,2.338,0.01577756142613837,2.3517512048387177
1.4398966328953218,2.26525,0.015784839833953745,2.243942107187724
1.505346479845109,2.14525,0.015801754285278313,2.1265241049374937
1.5707963267948966,1.9955,0.015810616392122015,2.0
