delta,E_bell,E_bell_err,E_product,E_product_err,E_theory
0.0,1.0,0.0,0.0075,0.011180724253122113,1.0
0.1308996938995747,0.99025,0.0015575366536789569,-0.00075,0.011181035579590964,0.9914448613738104
0.2617993877991494,0.9655,0.0029115766192565197,-0.01275,0.01118012987851718,0.9659258262890683
0.39269908169872414,0.925,0.004248426901971208,0.01075,0.011180392651198764,0.9238795325112867
0.5235987755982988,0.8655,0.005600682074976505,-0.00125,0.011181029989068631,0.8660254037844387
0.6544984694978735,0.8015,0.006686202727510151,0.015,0.011179780786639091,0.7933533402912353
0.7853981633974483,0.699,0.007995803062127408,-0.004,0.011180949275590954,0.7071067811865476
0.916297857297023,0.61875,0.008783689363664603,-0.00375,0.011180960107303626,0.6087614290087207
1.0471975511965976,0.5065,0.009640738391305472,-0.004,0.011180949275590954,0.5000000000000001
1.1780972450961724,0.38875,0.010301574879265992,-0.01025,0.011180451354890032,0.38268343236508984
1.308996938995747,0.2485,0.010830310739024893,-0.021,0.011178573033347445,0.25881904510252096
1.4398966328953218,0.13675,0.01107599947670868,0.008,0.011180680925294494,0.1305261922200517
1.5707963267948966,0.009,0.011180585883019992,0.02375,0.011177884877126386,6.123233995736766e-17
1.7016960206944711,-0.1215,0.011098203233603932,-0.02125,0.01117851397030585,-0.13052619222005138
1.832595714594046,-0.274,0.010753136925763476,-0.0025,0.011181003783457934,-0.25881904510252063
1.9634954084936205,-0.39925,0.010251247031249999,0.0015,0.011181026145582905,-0.3826834323650895
2.0943951023931953,-0.4925,0.009730997137403804,-0.00075,0.011181035579590964,-0.4999999999999998
2.22529479629277,-0.6065,0.008889859248024188,-0.01075,0.011180392651198764,-0.6087614290087203
2.356194490192345,-0.7105,0.007868065649010063,0.0025,0.011181003783457934,-0.7071067811865475
2.4870941840919194,-0.79,0.006855171345179599,-0.01475,0.011179822370727994,-0.793353340291235
2.617993877991494,-0.865,0.005610330603109279,-0.00475,0.011180912587453944,-0.8660254037844385
2.748893571891069,-0.9185,0.004421217269629276,0.00775,0.011180702938647251,-0.9238795325112867
2.8797932657906435,-0.96575,0.002901192737894675,0.009,0.011180585883019992,-0.9659258262890682
3.010692959690218,-0.994,0.001222982812990481,-0.0075,0.011180724253122113,-0.9914448613738104
3.141592653589793,-1.0,0.0,-0.00125,0.011181029989068631,-1.0
