noise_p,visibility,S,stderr,S_theory
0.0,1.0,2.8268999999999997,0.010005435119803476,2.8284271247461903
0.03,0.97,2.7477,0.01027758395424707,2.7435743110038047
0.06,0.94,2.6706,0.010528654217324329,2.6587214972614186
0.09,0.91,2.5846999999999998,0.01079312749299544,2.5738686835190334
0.12,0.88,2.4865,0.011077891427700678,2.4890158697766473
0.15,0.85,2.4053999999999998,0.011298948725970731,2.4041630560342617
0.18,0.8200000000000001,2.3196,0.011521649292532774,2.319310242291876
0.21,0.79,2.2312000000000003,0.01173744978205953,2.2344574285494905
0.24,0.76,2.1552000000000002,0.011913934870235132,2.149604614807105
0.27,0.73,2.0606,0.012121272510028107,2.064751801064719
0.3,0.7,1.9889000000000001,0.012270242273169349,1.9798989873223332
0.32999999999999996,0.67,1.8726,0.012496733269823793,1.8950461735799475
0.36,0.64,1.8295,0.012576227716417143,1.810193359837562
0.39,0.61,1.7384,0.012736815745066197,1.725340546095176
0.42,0.5800000000000001,1.6396,0.012899581697109329,1.6404877323527907
0.44999999999999996,0.55,1.5558,0.013028739862439504,1.5556349186104048
0.48,0.52,1.4736,0.013147586772936605,1.470782104868019
0.51,0.49,1.393,0.013256855743773128,1.3859292911256331
0.54,0.45999999999999996,1.3047,0.013368005112133744,1.3010764773832475
0.57,0.43000000000000005,1.2162,0.013472257906032466,1.2162236636408619
0.6,0.4,1.1317,0.013564618330182467,1.1313708498984762
